<?xml version="1.0" encoding="utf-8" ?>
<!DOCTYPE hibernate-mapping PUBLIC "-//Hibernate/Hibernate Mapping DTD 3.0//EN"
        "http://www.hibernate.org/dtd/hibernate-mapping-3.0.dtd">
<hibernate-mapping package="com.ssh.entity">
    <class name="Student" table="student">
        <id name="id" column="id">
            <generator class="assigned"></generator>
        </id>
        <property name="name" column="name"></property>
        <property name="entranceTime" column="entranceTime"></property>
    </class>
</hibernate-mapping>