<?xml version='1.0' encoding='utf-8'?>
<!DOCTYPE hibernate-configuration PUBLIC "-//Hibernate/Hibernate Configuration DTD 3.0//EN"
        "http://www.hibernate.org/dtd/hibernate-configuration-3.0.dtd">
<hibernate-configuration>
    <session-factory>
        <property name="connection.driver_class">com.mysql.jdbc.Driver</property>
        <property name="connection.url">jdbc:mysql://114.55.86.230:3306/mytest?useSSL=false&amp;useUnicode=true&amp;characterEncoding=utf-8</property>
        <property name="connection.username">root</property>
        <property name="connection.password">123qwe!@#</property>
        <!-- 设置数据库方言 -->
        <property name="dialect">org.hibernate.dialect.MySQLDialect</property>
        <!-- 显示执行的SQL -->
        <property name="show_sql">true</property>
        <!-- 格式化显示的SQL -->
        <property name="format_sql">true</property>
        <!-- 自动创建数据库-->
        <property name="hbm2ddl.auto">update</property>
        <!-- 加载映射文件 -->
        <mapping resource="com/hb/domain/Dept.hbm.xml"/>
        <mapping resource="com/hb/domain/Developer.hbm.xml"/>
        <mapping resource="com/hb/domain/Project.hbm.xml"/>
    </session-factory>
</hibernate-configuration>