<?xml version="1.0" encoding="UTF-8"?>
<beans xmlns="http://www.springframework.org/schema/beans"
       xmlns:xsi="http://www.w3.org/2001/XMLSchema-instance"
       xmlns:context="http://www.springframework.org/schema/context" xmlns:tx="http://www.springframework.org/schema/tx"
       xsi:schemaLocation="http://www.springframework.org/schema/beans http://www.springframework.org/schema/beans/spring-beans.xsd http://www.springframework.org/schema/context http://www.springframework.org/schema/context/spring-context.xsd http://www.springframework.org/schema/tx http://www.springframework.org/schema/tx/spring-tx.xsd">
    <!-- 开启注解扫描 -->
    <context:component-scan base-package="com.ssh" />
    <!-- 数据源配置 -->
    <bean id="dataSource" class="com.mchange.v2.c3p0.ComboPooledDataSource">
        <property name="driverClass" value="com.mysql.jdbc.Driver" />
        <property name="jdbcUrl" value="jdbc:mysql://localhost:3306/dbtest?useSSL=false&amp;useUnicode=true&amp;characterEncoding=utf8" />
        <property name="user" value="root" />
        <property name="password" value="123456" />
        <property name="initialPoolSize" value="3" />
        <property name="maxPoolSize" value="10" />
        <property name="maxStatements" value="100" />
        <property name="acquireIncrement" value="2" />
    </bean>
    <!-- 配置sessionFactory。class用的是Hibernate5包下的，对应即可。 -->
    <!-- 实际上sessionFactory是一个接口，LocalSessionFactoryBean是Spring提供的一个实现类 -->
    <bean id="sessionFactory" class="org.springframework.orm.hibernate5.LocalSessionFactoryBean">
        <!-- 引用dataSource -->
        <property name="dataSource" ref="dataSource" />
        <!-- Hibernate映射文件配置 -->
        <property name="mappingLocations">
            <list>
                <!-- 可用通配符 -->
                <value>classpath:com/ssh/entity/*.hbm.xml</value>
            </list>
        </property>
        <!-- Hibernate的其他配置，这样就无需hibernate主配置文件了，所有主配置都可在此配置 -->
        <property name="hibernateProperties">
            <props>
                <!-- 注意，这里的key必须加上“hibernate...”前缀，否则无效！！！ -->
                <prop key="hibernate.dialect">org.hibernate.dialect.MySQLDialect</prop>
                <prop key="hibernate.show_sql">true</prop>
                <prop key="hibernate.format_sql">true</prop>
                <prop key="hibernate.hbm2ddl.auto">update</prop>
            </props>
        </property>
    </bean>
    <!-- 配置使用注解来管理事物 -->
    <!-- 事务管理器配置, Hibernate单数据源事务 -->
    <bean id="hbnTx" class="org.springframework.orm.hibernate5.HibernateTransactionManager">
        <property name="sessionFactory" ref="sessionFactory" />
    </bean>
    <!-- 使用annotation定义事务 -->
    <tx:annotation-driven transaction-manager="hbnTx" proxy-target-class="true" />
</beans>