<?xml version="1.0" encoding="UTF-8"?>
<!DOCTYPE struts PUBLIC
        "-//Apache Software Foundation//DTD Struts Configuration 2.5//EN"
        "http://struts.apache.org/dtds/struts-2.5.dtd">
<struts>
    <package name="default" namespace="/" extends="struts-default">
        <action name="addStudent" class="studentAction" method="addStudent">
            <result name="success">/index.jsp</result>
        </action>
        <action name="deleteStudent" class="studentAction" method="deleteStudent">
            <result name="success">/index.jsp</result>
        </action>
        <action name="updateStudent" class="studentAction" method="updateStudent">
            <result name="success">/index.jsp</result>
        </action>
        <action name="findById" class="studentAction" method="findById">
            <result name="success">/index.jsp</result>
        </action>
        <action name="findAll" class="studentAction" method="findAll">
            <result name="success">/index.jsp</result>
        </action>
        <action name="findByName" class="studentAction" method="findByName">
            <result name="success">/index.jsp</result>
        </action>
    </package>
</struts>