<?xml version="1.0" encoding="utf-8" ?>
<!DOCTYPE hibernate-mapping PUBLIC "-//Hibernate/Hibernate Mapping DTD 3.0//EN"
        "http://www.hibernate.org/dtd/hibernate-mapping-3.0.dtd">
<hibernate-mapping package="com.hb.domain">
    <class name="Dept" table="dept">
        <!-- 主键 -->
        <id name="deptId" column="id">
            <generator class="increment" />
        </id>
        <!-- 部门名称 -->
        <property name="name" column="name" length="20" />

        <!-- 一对多关系配置 -->
        <!-- set中指定developerSet。 -->
        <set name="developerSet" table="developer" cascade="save-update">
            <!-- developer中外键是deptId -->
            <key column="deptId" />
            <!--one-to-many指明多的一方类型是Developer-->
            <one-to-many class="Developer" />
        </set>
    </class>
</hibernate-mapping>