<?xml version="1.0" encoding="utf-8" ?>
<!DOCTYPE hibernate-mapping PUBLIC "-//Hibernate/Hibernate Mapping DTD 3.0//EN"
        "http://www.hibernate.org/dtd/hibernate-mapping-3.0.dtd">
<hibernate-mapping package="com.hb.domain">
    <class name="Developer" table="developer">
        <!-- 主键 -->
        <id name="devId">
            <generator class="increment" />
        </id>
        <property name="devName" length="20" column="devName" />
        <!-- 1. 配置部门的一对多映射 -->
        <many-to-one name="dept" class="Dept" column="deptId" cascade="save-update" />
        <!-- 2. 配置项目的多对多映射 -->
        <!-- 关系表是relation-->
        <set name="projectSet" table="relation" cascade="save-update">
            <!--key中指明本表的外键-->
            <key column="devId" />
            <!-- many-to-many指明要关联的列名和类型-->
            <many-to-many column="pid" class="Project"/>
        </set>
    </class>
</hibernate-mapping>