<?xml version="1.0" encoding="utf-8" ?>
<!DOCTYPE hibernate-mapping PUBLIC "-//Hibernate/Hibernate Mapping DTD 3.0//EN"
        "http://www.hibernate.org/dtd/hibernate-mapping-3.0.dtd">
<hibernate-mapping package="com.hb.domain" default-lazy="true">
    <class name="Project" table="project" lazy="true">
        <!-- 主键配置.... -->
        <id name="pid">
            <generator class="increment" />
        </id>
        <property name="pname" length="20" column="pname" />
        <!-- 多对多映射 -->
        <!-- 还是用set标签指明属性和关系表。这时关系表叫relation，用table指定-->
        <set name="developerSet" table="relation" cascade="save-update" lazy="extra" fetch="join">
            <!--key中指明本表的外键-->
            <key column="pid" />
            <!-- 这时应该用many-to-many指明要关联的列名和类型-->
            <many-to-many column="devId" class="Developer" />
        </set>
    </class>
</hibernate-mapping>